<?xml version="1.0" encoding="UTF-8" ?>
<!DOCTYPE tiles-definitions PUBLIC
"-//Apache Software Foundation//DTD Tiles Configuration 2.0//EN"
"http://tiles.apache.org/dtds/tiles-config_2_0.dtd">
<tiles-definitions>

	<!-- template : 기본 틀 -->
	<definition name="baseLayout" template="/WEB-INF/views/common/layout.jsp">
		<!-- name = jsp에서 쓴 name, value = 해당 name에 넣을 파일 경로 -->
		<put-attribute name="header" value="/WEB-INF/views/common/header.jsp"/>
		<put-attribute name="side" value=""/>
		<put-attribute name="content" value=""/>
		<put-attribute name="footer" value="/WEB-INF/views/common/footer.jsp"/>
	</definition>
	
	<!-- 정보광장 - 공지사항 -->
		<definition name="notice" extends="baseLayout">
		<put-attribute name="side" value="/WEB-INF/views/common/user_notice_side.jsp"/>
		<put-attribute name="content" value="/WEB-INF/views/user/info/user_notice.jsp"/>
	</definition>
	
		
		<definition name="notice2" extends="baseLayout">
		<put-attribute name="side" value="/WEB-INF/views/common/user_notice_side.jsp"/>
		<put-attribute name="content" value="/WEB-INF/views/user/info/user_notice2.jsp"/>
	</definition>	
		
		
		<definition name="notice3" extends="baseLayout">
		<put-attribute name="side" value="/WEB-INF/views/common/user_notice_side.jsp"/>
		<put-attribute name="content" value="/WEB-INF/views/user/info/user_notice3.jsp"/>
	</definition>
	
		 <!--도서신청  -->
	<definition name="request" extends="baseLayout">
		<put-attribute name="side" value="/WEB-INF/views/common/user_notice_side.jsp"/>
		<put-attribute name="content" value="/WEB-INF/views/user/info/user_request.jsp"/> 
	</definition>
	
	 	<!-- 로그인  -->
	 	<definition name="login" extends="baseLayout">
		<put-attribute name="content" value="/WEB-INF/views/user/info/user_login.jsp"/> 
	</definition>
	 	
	 	
	
	
</tiles-definitions>