<?xml version="1.0" encoding="UTF-8"?>
<beans:beans
	xmlns="http://www.springframework.org/schema/mvc"
	xmlns:xsi="http://www.w3.org/2001/XMLSchema-instance"
	xmlns:beans="http://www.springframework.org/schema/beans"
	xmlns:context="http://www.springframework.org/schema/context"
	xmlns:mybatis-spring="http://mybatis.org/schema/mybatis-spring"
	xsi:schemaLocation="http://www.springframework.org/schema/mvc https://www.springframework.org/schema/mvc/spring-mvc.xsd
		http://mybatis.org/schema/mybatis-spring http://mybatis.org/schema/mybatis-spring-1.2.xsd
		http://www.springframework.org/schema/beans https://www.springframework.org/schema/beans/spring-beans.xsd
		http://www.springframework.org/schema/context https://www.springframework.org/schema/context/spring-context.xsd">

	<!-- DispatcherServlet Context: defines this servlet's request-processing 
		infrastructure -->

	<!-- Enables the Spring MVC @Controller programming model -->
	<annotation-driven />

	<!-- Handles HTTP GET requests for /resources/** by efficiently serving 
		up static resources in the ${webappRoot}/resources directory -->
	<resources mapping="/assets/**" location="/assets/" />

	<!-- Resolves views selected for rendering by @Controllers to .jsp resources in the /WEB-INF/views directory -->
	<beans:bean class="org.springframework.web.servlet.view.InternalResourceViewResolver">
		<beans:property name="prefix" value="/WEB-INF/views/" />
		<beans:property name="suffix" value=".jsp" />
		<!-- ViewResolver : controller의 결과에 따라 jsp를 찾아줌 -->
		<!-- ViewResolver 우선 순위 정하기 -> order 낮은 순 -->
	      <beans:property name="order" value="2" />
	</beans:bean>
	
	<!-- resources 아래 있는 xml 파일 읽어서 bean으로 올리기 -->
	<beans:bean id="tilesConfigurer"
	              class="org.springframework.web.servlet.view.tiles3.TilesConfigurer">
	      <beans:property name="definitions">
	          <beans:list>
	              <beans:value>classpath:tiles/*.xml</beans:value>
	          </beans:list>
	      </beans:property>
	  </beans:bean>
	
	<beans:bean id="tilesViewResolver"
	            class="org.springframework.web.servlet.view.UrlBasedViewResolver">
	    <beans:property name="viewClass"
	                    value="org.springframework.web.servlet.view.tiles3.TilesView" />
	    <beans:property name="order" value="1" />
	</beans:bean>

	<context:component-scan
		base-package="project3.gamja.Kim" />

	<!-- @Mapper 설정 코드 추가 -->
	<mybatis-spring:scan
		base-package="project3.gamja.Kim.dao" />

</beans:beans>
